accuracy,precision,recall,f1,roc_auc,inference_time,model,training_time
0.715,0.7391841779975278,0.8898809523809523,0.8075624577987845,0.7538336599883857,0.015383481979370117,XGBoost,0.5437002182006836
0.717,0.7610738255033557,0.84375,0.8002822865208187,0.7546321501161439,0.030095577239990234,LightGBM,0.2256169319152832
0.705,0.8372093023255814,0.6964285714285714,0.760357432981316,0.7838587035423926,0.26299262046813965,Random Forest,0.6750702857971191
0.716,0.8021806853582555,0.7663690476190477,0.7838660578386606,0.7830466027874564,0.15205693244934082,Tuned Random Forest,
